game,item,extension,number,name,min_price,price_trend,mean30d_price,language,sellerType,minCondition,isSigned,isFirstEd,isPlayset,isAltered,isReverseHolo,url
"Pokemon", "Singles", "Jungle", "3", "Pyroli  (JU 3)", "110.00 ", "37.58 ", "20.53 ", "2", "None", "3", "None", "None", "None", "None", "None", "https://www.cardmarket.com/fr/Pokemon/Products/Singles/Jungle/Flareon-V1-JU3?language=2&minCondition=3"
"Pokemon", "Singles", "Jungle", "6", "M. Mime  (JU 6)", "30.00 ", "12.26 ", "12.00 ", "2", "None", "3", "None", "None", "None", "None", "None", "https://www.cardmarket.com/fr/Pokemon/Products/Singles/Jungle/Mr-Mime-V1-JU6?language=2&minCondition=3"
"Pokemon", "Singles", "Jungle", "17", "Mélodelfe  (JU 17)", "49.00 ", "2.20 ", "2.58 ", "2", "None", "3", "None", "Y", "None", "None", "None", "https://www.cardmarket.com/fr/Pokemon/Products/Singles/Jungle/Clefable-V2-JU17?language=2&minCondition=3&isFirstEd=Y"
"Pokemon", "Singles", "Jungle", "21", "Kangourex  (JU 21)", "50.00 ", "3.27 ", "3.24 ", "2", "None", "3", "None", "Y", "None", "None", "None", "https://www.cardmarket.com/fr/Pokemon/Products/Singles/Jungle/Kangaskhan-V2-JU21?language=2&minCondition=3&isFirstEd=Y"
"Pokemon", "Singles", "Jungle", "22", "M. Mime  (JU 22)", "35.00 ", "2.80 ", "2.73 ", "2", "None", "3", "None", "Y", "None", "None", "None", "https://www.cardmarket.com/fr/Pokemon/Products/Singles/Jungle/Mr-Mime-V2-JU22?language=2&minCondition=3&isFirstEd=Y"
"Pokemon", "Singles", "Jungle", "23", "Nidoqueen  (JU 23)", "4.75 ", "5.07 ", "3.48 ", "2", "None", "6", "None", "None", "None", "None", "None", "https://www.cardmarket.com/fr/Pokemon/Products/Singles/Jungle/Nidoqueen-V2-JU23?language=2&minCondition=6"
"Pokemon", "Singles", "Jungle", "25", "Scarabrute  (JU 25)", "40.00 ", "2.50 ", "2.24 ", "2", "None", "3", "None", "Y", "None", "None", "None", "https://www.cardmarket.com/fr/Pokemon/Products/Singles/Jungle/Pinsir-V2-JU25?language=2&minCondition=3&isFirstEd=Y"
"Pokemon", "Singles", "Jungle", "27", "Ronflex  (JU 27)", "65.00 ", "4.35 ", "4.01 ", "2", "None", "3", "None", "Y", "None", "None", "None", "https://www.cardmarket.com/fr/Pokemon/Products/Singles/Jungle/Snorlax-V2-JU27?language=2&minCondition=3&isFirstEd=Y"
"Pokemon", "Singles", "Jungle", "35", "Noadkoko  (JU 35)", "1.95 ", "0.87 ", "0.80 ", "2", "None", "3", "None", "None", "None", "None", "None", "https://www.cardmarket.com/fr/Pokemon/Products/Singles/Jungle/Exeggutor-JU35?language=2&minCondition=3"
"Pokemon", "Singles", "Jungle", "36", "Rapasdepic  (JU 36)", "0.99 ", "0.90 ", "0.69 ", "2", "None", "3", "None", "None", "None", "None", "None", "https://www.cardmarket.com/fr/Pokemon/Products/Singles/Jungle/Fearow-JU36?language=2&minCondition=3"
"Pokemon", "Singles", "Jungle", "36", "Rapasdepic  (JU 36)", "12.00 ", "0.90 ", "0.69 ", "2", "None", "3", "None", "Y", "None", "None", "None", "https://www.cardmarket.com/fr/Pokemon/Products/Singles/Jungle/Fearow-JU36?language=2&minCondition=3&isFirstEd=Y"
"Pokemon", "Singles", "Jungle", "37", "Ortide  (JU 37)", "3.00 ", "0.65 ", "0.51 ", "2", "None", "3", "None", "Y", "None", "None", "None", "https://www.cardmarket.com/fr/Pokemon/Products/Singles/Jungle/Gloom-JU37?language=2&minCondition=3&isFirstEd=Y"
"Pokemon", "Singles", "Jungle", "38", "Excelangue  (JU 38)", "3.00 ", "0.94 ", "0.87 ", "2", "None", "3", "None", "None", "None", "None", "None", "https://www.cardmarket.com/fr/Pokemon/Products/Singles/Jungle/Lickitung-JU38?language=2&minCondition=3"
"Pokemon", "Singles", "Jungle", "38", "Excelangue  (JU 38)", "9.50 ", "0.94 ", "0.87 ", "2", "None", "3", "None", "Y", "None", "None", "None", "https://www.cardmarket.com/fr/Pokemon/Products/Singles/Jungle/Lickitung-JU38?language=2&minCondition=3&isFirstEd=Y"
"Pokemon", "Singles", "Jungle", "39", "Ossatueur  (JU 39)", "4.00 ", "0.57 ", "0.79 ", "2", "None", "3", "None", "Y", "None", "None", "None", "https://www.cardmarket.com/fr/Pokemon/Products/Singles/Jungle/Marowak-JU39?language=2&minCondition=3&isFirstEd=Y"
"Pokemon", "Singles", "Jungle", "40", "Nidorina  (JU 40)", "7.00 ", "0.25 ", "0.47 ", "2", "None", "3", "None", "Y", "None", "None", "None", "https://www.cardmarket.com/fr/Pokemon/Products/Singles/Jungle/Nidorina-JU40?language=2&minCondition=3&isFirstEd=Y"
"Pokemon", "Singles", "Jungle", "41", "Parasect  (JU 41)", "9.00 ", "0.56 ", "0.66 ", "2", "None", "3", "None", "Y", "None", "None", "None", "https://www.cardmarket.com/fr/Pokemon/Products/Singles/Jungle/Parasect-JU41?language=2&minCondition=3&isFirstEd=Y"
"Pokemon", "Singles", "Jungle", "42", "Persian  (JU 42)", "10.00 ", "0.55 ", "0.61 ", "2", "None", "3", "None", "Y", "None", "None", "None", "https://www.cardmarket.com/fr/Pokemon/Products/Singles/Jungle/Persian-JU42?language=2&minCondition=3&isFirstEd=Y"
"Pokemon", "Singles", "Jungle", "43", "Colossinge  (JU 43)", "8.00 ", "0.89 ", "0.74 ", "2", "None", "3", "None", "Y", "None", "None", "None", "https://www.cardmarket.com/fr/Pokemon/Products/Singles/Jungle/Primeape-JU43?language=2&minCondition=3&isFirstEd=Y"
"Pokemon", "Singles", "Jungle", "44", "Galopa  (JU 44)", "9.00 ", "0.87 ", "1.06 ", "2", "None", "3", "None", "Y", "None", "None", "None", "https://www.cardmarket.com/fr/Pokemon/Products/Singles/Jungle/Rapidash-JU44?language=2&minCondition=3&isFirstEd=Y"
"Pokemon", "Singles", "Jungle", "44", "Galopa  (JU 44)", "9.00 ", "0.87 ", "1.06 ", "2", "None", "3", "None", "Y", "None", "None", "None", "https://www.cardmarket.com/fr/Pokemon/Products/Singles/Jungle/Rapidash-JU44?language=2&minCondition=3&isFirstEd=Y"
"Pokemon", "Singles", "Jungle", "46", "Poissoroy  (JU 46)", "6.00 ", "0.85 ", "0.63 ", "2", "None", "3", "None", "Y", "None", "None", "None", "https://www.cardmarket.com/fr/Pokemon/Products/Singles/Jungle/Seaking-JU46?language=2&minCondition=3&isFirstEd=Y"
"Pokemon", "Singles", "Jungle", "47", "Tauros  (JU 47)", "9.00 ", "0.83 ", "0.72 ", "2", "None", "3", "None", "Y", "None", "None", "None", "https://www.cardmarket.com/fr/Pokemon/Products/Singles/Jungle/Tauros-JU47?language=2&minCondition=3&isFirstEd=Y"
"Pokemon", "Singles", "Jungle", "48", "Boustiflor  (JU 48)", "8.00 ", "0.21 ", "0.56 ", "2", "None", "3", "None", "Y", "None", "None", "None", "https://www.cardmarket.com/fr/Pokemon/Products/Singles/Jungle/Weepinbell-JU48?language=2&minCondition=3&isFirstEd=Y"
"Pokemon", "Singles", "Jungle", "50", "Osselait  (JU 50)", "2.80 ", "0.09 ", "0.82 ", "2", "None", "3", "None", "Y", "None", "None", "None", "https://www.cardmarket.com/fr/Pokemon/Products/Singles/Jungle/Cubone-JU50?language=2&minCondition=3&isFirstEd=Y"
"Pokemon", "Singles", "Jungle", "51", "Évoli  (JU 51)", "1.00 ", "0.74 ", "0.62 ", "2", "None", "3", "None", "None", "None", "None", "None", "https://www.cardmarket.com/fr/Pokemon/Products/Singles/Jungle/Eevee-JU51?language=2&minCondition=3"
"Pokemon", "Singles", "Jungle", "52", "Noeunoeuf  (JU 52)", "0.50 ", "0.44 ", "0.35 ", "2", "None", "3", "None", "Y", "None", "None", "None", "https://www.cardmarket.com/fr/Pokemon/Products/Singles/Jungle/Exeggcute-JU52?language=2&minCondition=3&isFirstEd=Y"
"Pokemon", "Singles", "Jungle", "53", "Poissirène  (JU 53)", "1.50 ", "0.31 ", "0.29 ", "2", "None", "3", "None", "Y", "None", "None", "None", "https://www.cardmarket.com/fr/Pokemon/Products/Singles/Jungle/Goldeen-JU53?language=2&minCondition=3&isFirstEd=Y"
"Pokemon", "Singles", "Jungle", "54", "Rondoudou  (JU 54)", "2.70 ", "0.35 ", "0.34 ", "2", "None", "3", "None", "Y", "None", "None", "None", "https://www.cardmarket.com/fr/Pokemon/Products/Singles/Jungle/Jigglypuff-JU54?language=2&minCondition=3&isFirstEd=Y"
"Pokemon", "Singles", "Jungle", "54", "Rondoudou  (JU 54)", "2.70 ", "0.35 ", "0.34 ", "2", "None", "3", "None", "Y", "None", "None", "None", "https://www.cardmarket.com/fr/Pokemon/Products/Singles/Jungle/Jigglypuff-JU54?language=2&minCondition=3&isFirstEd=Y"
"Pokemon", "Singles", "Jungle", "55", "Férosinge  (JU 55)", "0.35 ", "0.40 ", "0.26 ", "2", "None", "3", "None", "Y", "None", "None", "None", "https://www.cardmarket.com/fr/Pokemon/Products/Singles/Jungle/Mankey-JU55?language=2&minCondition=3&isFirstEd=Y"
"Pokemon", "Singles", "Jungle", "56", "Miaouss  (JU 56)", "3.00 ", "0.39 ", "0.33 ", "2", "None", "3", "None", "Y", "None", "None", "None", "https://www.cardmarket.com/fr/Pokemon/Products/Singles/Jungle/Meowth-JU56?language=2&minCondition=3&isFirstEd=Y"
"Pokemon", "Singles", "Jungle", "57", "Nidoran ♀  (JU 57)", "2.45 ", "0.34 ", "0.30 ", "2", "None", "5", "None", "Y", "None", "None", "None", "https://www.cardmarket.com/fr/Pokemon/Products/Singles/Jungle/Nidoran-JU57?language=2&minCondition=5&isFirstEd=Y"
"Pokemon", "Singles", "Jungle", "58", "Mystherbe  (JU 58)", "0.40 ", "0.60 ", "0.33 ", "2", "None", "3", "None", "Y", "None", "None", "None", "https://www.cardmarket.com/fr/Pokemon/Products/Singles/Jungle/Oddish-JU58?language=2&minCondition=3&isFirstEd=Y"
"Pokemon", "Singles", "Jungle", "59", "Paras  (JU 59)", "2.90 ", "0.24 ", "0.21 ", "2", "None", "3", "None", "Y", "None", "None", "None", "https://www.cardmarket.com/fr/Pokemon/Products/Singles/Jungle/Paras-JU59?language=2&minCondition=3&isFirstEd=Y"
"Pokemon", "Singles", "Jungle", "60", "Pikachu  (JU 60)", "17.00 ", "1.32 ", "3.03 ", "2", "None", "3", "None", "Y", "None", "None", "None", "https://www.cardmarket.com/fr/Pokemon/Products/Singles/Jungle/Pikachu-V1-JU60?language=2&minCondition=3&isFirstEd=Y"
"Pokemon", "Singles", "Jungle", "61", "Rhinocorne  (JU 61)", "2.00 ", "0.35 ", "0.39 ", "2", "None", "3", "None", "Y", "None", "None", "None", "https://www.cardmarket.com/fr/Pokemon/Products/Singles/Jungle/Rhyhorn-JU61?language=2&minCondition=3&isFirstEd=Y"
"Pokemon", "Singles", "Jungle", "62", "Piafabec  (JU 62)", "2.40 ", "0.29 ", "0.30 ", "2", "None", "3", "None", "Y", "None", "None", "None", "https://www.cardmarket.com/fr/Pokemon/Products/Singles/Jungle/Spearow-JU62?language=2&minCondition=3&isFirstEd=Y"
"Pokemon", "Singles", "Jungle", "63", "Mimitoss  (JU 63)", "1.45 ", "0.35 ", "0.31 ", "2", "None", "5", "None", "Y", "None", "None", "None", "https://www.cardmarket.com/fr/Pokemon/Products/Singles/Jungle/Venonat-JU63?language=2&minCondition=5&isFirstEd=Y"
"Pokemon", "Singles", "Jungle", "64", "Poké Ball (JU 64)", "0.37 ", "0.36 ", "0.36 ", "2", "None", "3", "None", "N", "None", "None", "None", "https://www.cardmarket.com/fr/Pokemon/Products/Singles/Jungle/Poke-Ball-JU64?language=2&minCondition=3&isFirstEd=N"
"Pokemon", "Singles", "Set de Base", "31", "Lippoutou  (BS 31)", "0.50 ", "0.80 ", "0.66 ", "2", "None", "6", "None", "None", "None", "None", "None", "https://www.cardmarket.com/fr/Pokemon/Products/Singles/Base-Set/Jynx-BS31?language=2&minCondition=6"
"Pokemon", "Singles", "Set de Base", "42", "Carabaffe  (BS 42)", "0.55 ", "2.25 ", "2.42 ", "2", "None", "6", "None", "None", "None", "None", "None", "https://www.cardmarket.com/fr/Pokemon/Products/Singles/Base-Set/Wartortle-BS42?language=2&minCondition=6"
"Pokemon", "Singles", "Set de Base", "51", "Smogo  (BS 51)", "0.75 ", "1.09 ", "0.58 ", "2", "None", "5", "None", "None", "None", "None", "None", "https://www.cardmarket.com/fr/Pokemon/Products/Singles/Base-Set/Koffing-BS51?language=2&minCondition=5"
"Pokemon", "Singles", "Set de Base", "47", "Taupiqueur  (BS 47)", "0.02 ", "1.27 ", "0.72 ", "2", "None", "None", "None", "None", "None", "None", "None", "https://www.cardmarket.com/fr/Pokemon/Products/Singles/Base-Set/Diglett-BS47?language=2"
"Pokemon", "Singles", "Set de Base", "60", "Ponyta  (BS 60)", "0.10 ", "0.80 ", "0.44 ", "2", "None", "5", "None", "None", "None", "None", "None", "https://www.cardmarket.com/fr/Pokemon/Products/Singles/Base-Set/Ponyta-BS60?language=2&minCondition=5"
"Pokemon", "Singles", "Set de Base", "56", "Onix  (BS 56)", "0.33 ", "1.66 ", "0.88 ", "2", "None", "5", "None", "None", "None", "None", "None", "https://www.cardmarket.com/fr/Pokemon/Products/Singles/Base-Set/Onix-BS56?language=2&minCondition=5"
"Pokemon", "Singles", "Set de Base", "52", "Machoc  (BS 52)", "0.04 ", "0.92 ", "0.33 ", "2", "None", "5", "None", "None", "None", "None", "None", "https://www.cardmarket.com/fr/Pokemon/Products/Singles/Base-Set/Machop-BS52?language=2&minCondition=5"
"Pokemon", "Singles", "Set de Base", "63", "Carapuce  (BS 63)", "14.00 ", "4.69 ", "4.64 ", "2", "None", "5", "None", "None", "None", "None", "None", "https://www.cardmarket.com/fr/Pokemon/Products/Singles/Base-Set/Squirtle-V2?language=2&minCondition=5"
"Pokemon", "Singles", "Team Rocket", "53", "Minidraco  (TR 53)", "0.50 ", "0.87 ", "0.79 ", "2", "None", "6", "None", "None", "None", "None", "None", "https://www.cardmarket.com/fr/Pokemon/Products/Singles/Team-Rocket/Dratini-TR53?language=2&minCondition=6"
"Pokemon", "Singles", "Wizards Black Star Promos", "14", "Mewtwo ("Mewtwo Strikes Back" DVD) (WP 14)", "2.10 ", "2.48 ", "2.06 ", "2", "None", "3", "None", "None", "None", "None", "None", "https://www.cardmarket.com/fr/Pokemon/Products/Singles/Wizards-Black-Star-Promos/Mewtwo-Mewtwo-Strikes-Back-DVD-WP14?language=2&minCondition=3"
"Pokemon", "Singles", "Wizards Black Star Promos", "21", "Moltres ("The Power of One") (WP 21)", "7.52 ", "4.87 ", "8.19 ", "2", "None", "5", "None", "None", "None", "None", "None", "https://www.cardmarket.com/fr/Pokemon/Products/Singles/Wizards-Black-Star-Promos/Moltres-The-Power-of-One-WP21?language=2&minCondition=5"
"Pokemon", "Singles", "Wizards Black Star Promos", "23", "Zapdos ("The Power of One") (WP 23)", "4.66 ", "3.35 ", "4.40 ", "2", "None", "6", "None", "None", "None", "None", "None", "https://www.cardmarket.com/fr/Pokemon/Products/Singles/Wizards-Black-Star-Promos/Zapdos-The-Power-of-One-WP23?language=2&minCondition=6"
"Pokemon", "Singles", "Fossile", "31", "Arbok  (FO 31)", "3.00 ", "1.28 ", "0.97 ", "2", "None", "None", "None", "Y", "None", "None", "None", "https://www.cardmarket.com/fr/Pokemon/Products/Singles/Fossil/Arbok-FO31?language=2&isFirstEd=Y"
"Pokemon", "Singles", "Fossile", "34", "Nosferalto  (FO 34)", "5.50 ", "0.63 ", "0.74 ", "2", "None", "4", "None", "Y", "None", "None", "None", "https://www.cardmarket.com/fr/Pokemon/Products/Singles/Fossil/Golbat-FO34?language=2&minCondition=4&isFirstEd=Y"
"Pokemon", "Singles", "Fossile", "39", "Magmar  (FO 39)", "1.45 ", "0.78 ", "0.90 ", "2", "None", "4", "None", "N", "None", "None", "None", "https://www.cardmarket.com/fr/Pokemon/Products/Singles/Fossil/Magmar-FO39?language=2&minCondition=4&isFirstEd=N"
"Pokemon", "Singles", "Fossile", "40", "Amonistar  (FO 40)", "7.00 ", "1.59 ", "1.25 ", "2", "None", "6", "None", "Y", "None", "None", "None", "https://www.cardmarket.com/fr/Pokemon/Products/Singles/Fossil/Omastar-FO40?language=2&minCondition=6&isFirstEd=Y"
"Pokemon", "Singles", "Fossile", "45", "Smogogo  (FO 45)", "3.00 ", "1.23 ", "1.12 ", "2", "None", "None", "None", "Y", "None", "None", "None", "https://www.cardmarket.com/fr/Pokemon/Products/Singles/Fossil/Weezing-FO45?language=2&isFirstEd=Y"
"Pokemon", "Singles", "Fossile", "46", "Abo  (FO 46)", "0.49 ", "0.34 ", "0.30 ", "2", "None", "5", "None", "N", "None", "None", "None", "https://www.cardmarket.com/fr/Pokemon/Products/Singles/Fossil/Ekans-FO46?language=2&minCondition=5&isFirstEd=N"
"Pokemon", "Singles", "Fossile", "52", "Amonita  (FO 52)", "1.80 ", "0.70 ", "0.39 ", "2", "None", "4", "None", "Y", "None", "None", "None", "https://www.cardmarket.com/fr/Pokemon/Products/Singles/Fossil/Omanyte-FO52?language=2&minCondition=4&isFirstEd=Y"
"Pokemon", "Singles", "Neo Genesis", "16", "Togetic (NG 16)", "11.93 ", "9.34 ", "13.27 ", "None", "None", "6", "None", "N", "None", "None", "None", "https://www.cardmarket.com/fr/Pokemon/Products/Singles/Neo-Genesis/Togetic-N116?minCondition=6&isFirstEd=N"
"Pokemon", "Singles", "Neo Genesis", "23", "Magby (NG 23)", "0.98 ", "1.60 ", "1.49 ", "None", "None", "5", "None", "N", "None", "None", "None", "https://www.cardmarket.com/fr/Pokemon/Products/Singles/Neo-Genesis/Magby-N123?minCondition=5&isFirstEd=N"
"Pokemon", "Singles", "Neo Genesis", "28", "Bayleef (Poisonpowder) (NG 28)", "1.78 ", "1.30 ", "1.29 ", "None", "None", "None", "None", "N", "None", "None", "None", "https://www.cardmarket.com/fr/Pokemon/Products/Singles/Neo-Genesis/Bayleef-Poisonpowder-N128?isFirstEd=N"
"Pokemon", "Singles", "Neo Genesis", "47", "Quilava (Smokescreen) (NG 47)", "1.83 ", "1.31 ", "2.09 ", "None", "None", "None", "None", "N", "None", "None", "None", "https://www.cardmarket.com/fr/Pokemon/Products/Singles/Neo-Genesis/Quilava-Smokescreen-N147?isFirstEd=N"
"Pokemon", "Singles", "Neo Genesis", "56", "Cyndaquil (Leer) (NG 56)", "0.33 ", "1.25 ", "0.65 ", "None", "None", "5", "None", "N", "None", "None", "None", "https://www.cardmarket.com/fr/Pokemon/Products/Singles/Neo-Genesis/Cyndaquil-Leer-N156?minCondition=5&isFirstEd=N"
"Pokemon", "Singles", "Neo Genesis", "63", "Ledyba (NG 63)", "1.37 ", "0.80 ", "1.11 ", "None", "None", "4", "None", "N", "None", "None", "None", "https://www.cardmarket.com/fr/Pokemon/Products/Singles/Neo-Genesis/Ledyba-N163?minCondition=4&isFirstEd=N"
"Pokemon", "Singles", "Neo Genesis", "78", "Sunkern (NG 78)", "0.74 ", "0.63 ", "0.18 ", "None", "None", "6", "None", "N", "None", "None", "None", "https://www.cardmarket.com/fr/Pokemon/Products/Singles/Neo-Genesis/Sunkern-N178?minCondition=6&isFirstEd=N"
"Pokemon", "Singles", "Neo Destiny", "26", "Light Piloswine (NDE 26)", "3.92 ", "3.55 ", "4.27 ", "2", "None", "3", "None", "N", "None", "None", "None", "https://www.cardmarket.com/fr/Pokemon/Products/Singles/Neo-Destiny/Light-Piloswine-N426?language=2&minCondition=3&isFirstEd=N"
"Pokemon", "Singles", "Neo Destiny", "31", "Chansey (NDE 31)", "1.82 ", "2.34 ", "1.55 ", "2", "None", "3", "None", "N", "None", "None", "None", "https://www.cardmarket.com/fr/Pokemon/Products/Singles/Neo-Destiny/Chansey-NDE31?language=2&minCondition=3&isFirstEd=N"
"Pokemon", "Singles", "Neo Destiny", "53", "Light Venomoth (NDE 53)", "1.71 ", "1.45 ", "1.95 ", "2", "None", "3", "None", "N", "None", "None", "None", "https://www.cardmarket.com/fr/Pokemon/Products/Singles/Neo-Destiny/Light-Venomoth-N453?language=2&minCondition=3&isFirstEd=N"
"Pokemon", "Singles", "Neo Destiny", "63", "Dratini (NDE 63)", "0.65 ", "0.60 ", "0.94 ", "2", "None", "3", "None", "N", "None", "None", "None", "https://www.cardmarket.com/fr/Pokemon/Products/Singles/Neo-Destiny/Dratini-NDE63?language=2&minCondition=3&isFirstEd=N"
"Pokemon", "Singles", "Neo Destiny", "71", "Ledyba (NDE 71)", "1.00 ", "0.63 ", "0.90 ", "2", "None", "3", "None", "N", "None", "None", "None", "https://www.cardmarket.com/fr/Pokemon/Products/Singles/Neo-Destiny/Ledyba-N471?language=2&minCondition=3&isFirstEd=N"
"Pokemon", "Singles", "Neo Destiny", "72", "Light Sunflora (NDE 72)", "0.44 ", "0.49 ", "0.41 ", "2", "None", "3", "None", "N", "None", "None", "None", "https://www.cardmarket.com/fr/Pokemon/Products/Singles/Neo-Destiny/Light-Sunflora-N472?language=2&minCondition=3&isFirstEd=N"
"Pokemon", "Singles", "Neo Destiny", "76", "Phanpy (NDE 76)", "0.72 ", "0.46 ", "0.75 ", "2", "None", "3", "None", "N", "None", "None", "None", "https://www.cardmarket.com/fr/Pokemon/Products/Singles/Neo-Destiny/Phanpy-N476?language=2&minCondition=3&isFirstEd=N"
"Pokemon", "Singles", "Neo Destiny", "80", "Remoraid (NDE 80)", "0.61 ", "0.45 ", "0.69 ", "2", "None", "3", "None", "N", "None", "None", "None", "https://www.cardmarket.com/fr/Pokemon/Products/Singles/Neo-Destiny/Remoraid-N480?language=2&minCondition=3&isFirstEd=N"
"Pokemon", "Singles", "Neo Destiny", "89", "Unown  (NDE 89)", "0.62 ", "0.43 ", "0.48 ", "2", "None", "3", "None", "N", "None", "None", "None", "https://www.cardmarket.com/fr/Pokemon/Products/Singles/Neo-Destiny/Unown-N489?language=2&minCondition=3&isFirstEd=N"
"Pokemon", "Singles", "Neo Destiny", "91", "Vulpix (NDE 91)", "0.39 ", "0.69 ", "0.72 ", "2", "None", "3", "None", "N", "None", "None", "None", "https://www.cardmarket.com/fr/Pokemon/Products/Singles/Neo-Destiny/Vulpix-NDE91?language=2&minCondition=3&isFirstEd=N"
"Pokemon", "Singles", "Neo Destiny", "99", "Energy Stadium (NDE 99)", "1.02 ", "1.75 ", "0.73 ", "2", "None", "3", "None", "N", "None", "None", "None", "https://www.cardmarket.com/fr/Pokemon/Products/Singles/Neo-Destiny/Energy-Stadium-N499?language=2&minCondition=3&isFirstEd=N"
"Pokemon", "Singles", "Origines Antiques", "10", "Vespiquen  (AOR 10)", "0.02 ", "0.12 ", "0.13 ", "2", "None", "4", "None", "None", "None", "None", "None", "https://www.cardmarket.com/fr/Pokemon/Products/Singles/Ancient-Origins/Vespiquen-AOR10?language=2&minCondition=4"
"Pokemon", "Singles", "Origines Antiques", "16", "Larvesta  (AOR 16)", "0.02 ", "0.07 ", "0.06 ", "2", "None", "4", "None", "None", "None", "None", "None", "https://www.cardmarket.com/fr/Pokemon/Products/Singles/Ancient-Origins/Larvesta-AOR16?language=2&minCondition=4"
"Pokemon", "Singles", "Origines Antiques", "19", "Magikarp  (AOR 19)", "0.15 ", "0.36 ", "0.27 ", "2", "None", "3", "None", "None", "None", "None", "Y", "https://www.cardmarket.com/fr/Pokemon/Products/Singles/Ancient-Origins/Magikarp-AOR19?language=2&minCondition=3&isReverseHolo=Y"
"Pokemon", "Singles", "Origines Antiques", "22", "Vaporeon  (AOR 22)", "0.50 ", "1.34 ", "1.27 ", "2", "None", "3", "None", "None", "None", "None", "Y", "https://www.cardmarket.com/fr/Pokemon/Products/Singles/Ancient-Origins/Vaporeon-AOR22?language=2&minCondition=3&isReverseHolo=Y"
"Pokemon", "Singles", "Origines Antiques", "23", "Relicanth  (AOR 23)", "0.04 ", "0.05 ", "0.06 ", "2", "None", "4", "None", "None", "None", "None", "None", "https://www.cardmarket.com/fr/Pokemon/Products/Singles/Ancient-Origins/Relicanth-AOR23?language=2&minCondition=4"
"Pokemon", "Singles", "Origines Antiques", "31", "Baltoy  (AOR 31)", "0.02 ", "0.05 ", "0.06 ", "2", "None", "3", "None", "None", "None", "None", "None", "https://www.cardmarket.com/fr/Pokemon/Products/Singles/Ancient-Origins/Baltoy-AOR31?language=2&minCondition=3"
"Pokemon", "Singles", "Origines Antiques", "38", "Wooper  (AOR 38)", "0.03 ", "0.05 ", "0.06 ", "2", "None", "3", "None", "None", "None", "None", "None", "https://www.cardmarket.com/fr/Pokemon/Products/Singles/Ancient-Origins/Wooper-AOR38?language=2&minCondition=3"
"Pokemon", "Singles", "Origines Antiques", "45", "Inkay  (AOR 45)", "0.02 ", "0.07 ", "0.07 ", "2", "None", "3", "None", "None", "None", "None", "None", "https://www.cardmarket.com/fr/Pokemon/Products/Singles/Ancient-Origins/Inkay-AOR45?language=2&minCondition=3"
"Pokemon", "Singles", "Origines Antiques", "45", "Inkay  (AOR 45)", "0.02 ", "0.07 ", "0.07 ", "2", "None", "3", "None", "None", "None", "None", "None", "https://www.cardmarket.com/fr/Pokemon/Products/Singles/Ancient-Origins/Inkay-AOR45?language=2&minCondition=3"
"Pokemon", "Singles", "Origines Antiques", "45", "Inkay  (AOR 45)", "0.02 ", "0.07 ", "0.07 ", "2", "None", "3", "None", "None", "None", "None", "None", "https://www.cardmarket.com/fr/Pokemon/Products/Singles/Ancient-Origins/Inkay-AOR45?language=2&minCondition=3"
"Pokemon", "Singles", "Origines Antiques", "44", "Sableye  (AOR 44)", "0.09 ", "0.12 ", "0.09 ", "2", "None", "3", "None", "None", "None", "None", "None", "https://www.cardmarket.com/fr/Pokemon/Products/Singles/Ancient-Origins/Sableye-AOR44?language=2&minCondition=3"
"Pokemon", "Singles", "Origines Antiques", "46", "Malamar  (AOR 46)", "0.03 ", "0.06 ", "0.06 ", "2", "None", "3", "None", "None", "None", "None", "N", "https://www.cardmarket.com/fr/Pokemon/Products/Singles/Ancient-Origins/Malamar-AOR46?language=2&minCondition=3&isReverseHolo=N"
"Pokemon", "Singles", "Origines Antiques", "48", "Metang  (AOR 48)", "0.05 ", "0.10 ", "0.10 ", "2", "None", "3", "None", "None", "None", "None", "None", "https://www.cardmarket.com/fr/Pokemon/Products/Singles/Ancient-Origins/Metang-AOR48?language=2&minCondition=3"
"Pokemon", "Singles", "Origines Antiques", "52", "Ralts  (AOR 52)", "0.02 ", "0.07 ", "0.07 ", "2", "None", "3", "None", "None", "None", "None", "None", "https://www.cardmarket.com/fr/Pokemon/Products/Singles/Ancient-Origins/Ralts-AOR52?language=2&minCondition=3"
"Pokemon", "Singles", "Origines Antiques", "53", "Kirlia  (AOR 53)", "0.02 ", "0.18 ", "0.12 ", "2", "None", "3", "None", "None", "None", "None", "None", "https://www.cardmarket.com/fr/Pokemon/Products/Singles/Ancient-Origins/Kirlia-AOR53?language=2&minCondition=3"
"Pokemon", "Singles", "Origines Antiques", "55", "Cottonee  (AOR 55)", "0.02 ", "0.04 ", "0.05 ", "2", "None", "3", "None", "None", "None", "None", "None", "https://www.cardmarket.com/fr/Pokemon/Products/Singles/Ancient-Origins/Cottonee-AOR55?language=2&minCondition=3"
"Pokemon", "Singles", "Origines Antiques", "56", "Whimsicott  (AOR 56)", "0.02 ", "0.09 ", "0.08 ", "2", "None", "3", "None", "None", "None", "None", "None", "https://www.cardmarket.com/fr/Pokemon/Products/Singles/Ancient-Origins/Whimsicott-AOR56?language=2&minCondition=3"
"Pokemon", "Singles", "Origines Antiques", "58", "Goomy  (AOR 58)", "0.04 ", "0.05 ", "0.05 ", "2", "None", "3", "None", "None", "None", "None", "None", "https://www.cardmarket.com/fr/Pokemon/Products/Singles/Ancient-Origins/Goomy-AOR58?language=2&minCondition=3"
"Pokemon", "Singles", "Origines Antiques", "58", "Goomy  (AOR 58)", "0.08 ", "0.28 ", "0.18 ", "2", "None", "3", "None", "None", "None", "None", "Y", "https://www.cardmarket.com/fr/Pokemon/Products/Singles/Ancient-Origins/Goomy-AOR58?language=2&minCondition=3&isReverseHolo=Y"
"Pokemon", "Singles", "Origines Antiques", "59", "Sliggoo  (AOR 59)", "0.04 ", "0.09 ", "0.09 ", "2", "None", "3", "None", "None", "None", "None", "None", "https://www.cardmarket.com/fr/Pokemon/Products/Singles/Ancient-Origins/Sliggoo-AOR59?language=2&minCondition=3"
"Pokemon", "Singles", "Origines Antiques", "62", "Persian  (AOR 62)", "0.04 ", "0.05 ", "0.06 ", "2", "None", "3", "None", "None", "None", "None", "None", "https://www.cardmarket.com/fr/Pokemon/Products/Singles/Ancient-Origins/Persian-AOR62?language=2&minCondition=3"
"Pokemon", "Singles", "Origines Antiques", "63", "Eevee  (AOR 63)", "0.07 ", "0.42 ", "0.42 ", "2", "None", "3", "None", "None", "None", "None", "None", "https://www.cardmarket.com/fr/Pokemon/Products/Singles/Ancient-Origins/Eevee-AOR63?language=2&minCondition=3"
"Pokemon", "Singles", "Origines Antiques", "69", "Top Dresseur (AOR 69)", "0.14 ", "0.12 ", "0.12 ", "2", "None", "3", "None", "None", "None", "None", "None", "https://www.cardmarket.com/fr/Pokemon/Products/Singles/Ancient-Origins/Ace-Trainer-V1-AOR69?language=2&minCondition=3"
"Pokemon", "Singles", "Origines Antiques", "72", "Recycleur d'Énergie (AOR 72)", "0.11 ", "0.13 ", "0.08 ", "2", "None", "3", "None", "None", "None", "None", "None", "https://www.cardmarket.com/fr/Pokemon/Products/Singles/Ancient-Origins/Energy-Recycler-AOR72?language=2&minCondition=3"
"Pokemon", "Singles", "Origines Antiques", "75", "Mystimaniac (AOR 75)", "0.13 ", "0.15 ", "0.16 ", "2", "None", "3", "None", "None", "None", "None", "None", "https://www.cardmarket.com/fr/Pokemon/Products/Singles/Ancient-Origins/Hex-Maniac-V1-AOR75?language=2&minCondition=3"
"Pokemon", "Singles", "Origines Antiques", "76", "Niveau Ball (AOR 76)", "0.40 ", "0.32 ", "0.52 ", "2", "None", "3", "None", "None", "None", "None", "None", "https://www.cardmarket.com/fr/Pokemon/Products/Singles/Ancient-Origins/Level-Ball-AOR76?language=2&minCondition=3"
"Pokemon", "Singles", "Vigueur Spectrale", "3", "Yanma  (PHF 3)", "0.02 ", "0.07 ", "0.06 ", "2", "None", "3", "None", "None", "None", "None", "None", "https://www.cardmarket.com/fr/Pokemon/Products/Singles/Phantom-Forces/Yanma-PHF3?language=2&minCondition=3"
"Pokemon", "Singles", "Vigueur Spectrale", "13", "Krabby  (PHF 13)", "0.04 ", "0.06 ", "0.08 ", "2", "None", "3", "None", "None", "None", "None", "None", "https://www.cardmarket.com/fr/Pokemon/Products/Singles/Phantom-Forces/Krabby-PHF13?language=2&minCondition=3"
"Pokemon", "Singles", "Vigueur Spectrale", "22", "Alomomola  (PHF 22)", "0.02 ", "0.15 ", "0.10 ", "2", "None", "3", "None", "None", "None", "None", "None", "https://www.cardmarket.com/fr/Pokemon/Products/Singles/Phantom-Forces/Alomomola-PHF22?language=2&minCondition=3"
"Pokemon", "Singles", "Vigueur Spectrale", "32", "Golbat  (PHF 32)", "0.10 ", "0.09 ", "0.21 ", "2", "None", "3", "None", "None", "None", "None", "None", "https://www.cardmarket.com/fr/Pokemon/Products/Singles/Phantom-Forces/Golbat-PHF32?language=2&minCondition=3"
"Pokemon", "Singles", "Vigueur Spectrale", "40", "Musharna  (PHF 40)", "0.50 ", "0.32 ", "0.41 ", "2", "None", "3", "None", "None", "None", "None", "None", "https://www.cardmarket.com/fr/Pokemon/Products/Singles/Phantom-Forces/Musharna-PHF40?language=2&minCondition=3"
"Pokemon", "Singles", "Vigueur Spectrale", "42", "Lampent  (PHF 42)", "0.08 ", "0.05 ", "0.19 ", "2", "None", "3", "None", "None", "None", "None", "None", "https://www.cardmarket.com/fr/Pokemon/Products/Singles/Phantom-Forces/Lampent-PHF42?language=2&minCondition=3"
"Pokemon", "Singles", "Vigueur Spectrale", "44", "Pumpkaboo  (PHF 44)", "0.05 ", "0.10 ", "0.10 ", "2", "None", "3", "None", "None", "None", "None", "None", "https://www.cardmarket.com/fr/Pokemon/Products/Singles/Phantom-Forces/Pumpkaboo-PHF44?language=2&minCondition=3"
"Pokemon", "Singles", "Vigueur Spectrale", "46", "Gligar  (PHF 46)", "0.10 ", "0.07 ", "0.09 ", "2", "None", "3", "None", "None", "None", "None", "None", "https://www.cardmarket.com/fr/Pokemon/Products/Singles/Phantom-Forces/Gligar-PHF46?language=2&minCondition=3"
"Pokemon", "Singles", "Vigueur Spectrale", "53", "Poochyena  (PHF 53)", "0.05 ", "0.06 ", "0.10 ", "2", "None", "3", "None", "None", "None", "None", "None", "https://www.cardmarket.com/fr/Pokemon/Products/Singles/Phantom-Forces/Poochyena-PHF53?language=2&minCondition=3"
"Pokemon", "Singles", "Vigueur Spectrale", "59", "Skarmory  (PHF 59)", "0.02 ", "0.08 ", "0.08 ", "2", "None", "3", "None", "None", "None", "None", "None", "https://www.cardmarket.com/fr/Pokemon/Products/Singles/Phantom-Forces/Skarmory-PHF59?language=2&minCondition=3"
"Pokemon", "Singles", "Vigueur Spectrale", "73", "Zweilous  (PHF 73)", "0.30 ", "0.41 ", "0.30 ", "2", "None", "3", "None", "None", "None", "None", "Y", "https://www.cardmarket.com/fr/Pokemon/Products/Singles/Phantom-Forces/Zweilous-PHF73?language=2&minCondition=3&isReverseHolo=Y"
"Pokemon", "Singles", "Vigueur Spectrale", "75", "Goomy  (PHF 75)", "0.05 ", "0.08 ", "0.10 ", "2", "None", "3", "None", "None", "None", "None", "None", "https://www.cardmarket.com/fr/Pokemon/Products/Singles/Phantom-Forces/Goomy-PHF75?language=2&minCondition=3"
"Pokemon", "Singles", "Vigueur Spectrale", "87", "Bunnelby  (PHF 87)", "0.02 ", "0.06 ", "0.06 ", "2", "None", "3", "None", "None", "None", "None", "None", "https://www.cardmarket.com/fr/Pokemon/Products/Singles/Phantom-Forces/Bunnelby-PHF87?language=2&minCondition=3"
"Pokemon", "Singles", "Vigueur Spectrale", "87", "Bunnelby  (PHF 87)", "0.05 ", "0.14 ", "0.14 ", "2", "None", "3", "None", "None", "None", "None", "Y", "https://www.cardmarket.com/fr/Pokemon/Products/Singles/Phantom-Forces/Bunnelby-PHF87?language=2&minCondition=3&isReverseHolo=Y"
"Pokemon", "Singles", "Vigueur Spectrale", "92", "Réducteur de Combat Matos Team Flare (PHF 92)", "5.05 ", "4.51 ", "5.27 ", "2", "None", "3", "None", "None", "None", "None", "None", "https://www.cardmarket.com/fr/Pokemon/Products/Singles/Phantom-Forces/Battle-Compressor-Team-Flare-Gear-PHF92?language=2&minCondition=3"
"Pokemon", "Singles", "Vigueur Spectrale", "94", "Maillet Amélioré (PHF 94)", "0.08 ", "0.20 ", "0.18 ", "2", "None", "3", "None", "None", "None", "None", "None", "https://www.cardmarket.com/fr/Pokemon/Products/Singles/Phantom-Forces/Enhanced-Hammer-PHF94?language=2&minCondition=3"
"Pokemon", "Singles", "Vigueur Spectrale", "101", "Professeur Platane (PHF 101)", "0.18 ", "0.45 ", "0.22 ", "2", "None", "3", "None", "None", "None", "None", "None", "https://www.cardmarket.com/fr/Pokemon/Products/Singles/Phantom-Forces/Professor-Sycamore-PHF101?language=2&minCondition=3"
"Pokemon", "Singles", "XY", "12", "Chespin  (XY 12)", "0.02 ", "0.08 ", "0.10 ", "2", "None", "None", "None", "None", "None", "None", "None", "https://www.cardmarket.com/fr/Pokemon/Products/Singles/XY/Chespin-XY12?language=2"
"Pokemon", "Singles", "XY", "31", "Shellder  (XY 31)", "0.02 ", "0.11 ", "0.09 ", "2", "None", "3", "None", "None", "None", "None", "None", "https://www.cardmarket.com/fr/Pokemon/Products/Singles/XY/Shellder-XY31?language=2&minCondition=3"
"Pokemon", "Singles", "XY", "47", "Ekans  (XY 47)", "0.03 ", "0.08 ", "0.08 ", "2", "None", "3", "None", "None", "None", "None", "None", "https://www.cardmarket.com/fr/Pokemon/Products/Singles/XY/Ekans-XY47?language=2&minCondition=3"
"Pokemon", "Singles", "XY", "58", "Diglett  (XY 58)", "0.02 ", "0.05 ", "0.06 ", "2", "None", "3", "None", "None", "None", "None", "None", "https://www.cardmarket.com/fr/Pokemon/Products/Singles/XY/Diglett-XY58?language=2&minCondition=3"
"Pokemon", "Singles", "XY", "81", "Pawniard  (XY 81)", "0.04 ", "0.09 ", "0.08 ", "2", "None", "3", "None", "None", "None", "None", "None", "https://www.cardmarket.com/fr/Pokemon/Products/Singles/XY/Pawniard-XY81?language=2&minCondition=3"
"Pokemon", "Singles", "XY", "113", "Fletchling  (XY 113)", "0.08 ", "0.07 ", "0.09 ", "2", "None", "3", "None", "None", "None", "None", "None", "https://www.cardmarket.com/fr/Pokemon/Products/Singles/XY/Fletchling-XY113?language=2&minCondition=3"
"Pokemon", "Singles", "XY", "137", "Énergie Combat (XY 137)", "0.10 ", "0.09 ", "0.08 ", "2", "None", "3", "None", "None", "None", "None", "None", "https://www.cardmarket.com/fr/Pokemon/Products/Singles/XY/Fighting-Energy-XY137?language=2&minCondition=3"
"Pokemon", "Singles", "Rupture TURBO", "6", "Kricketune  (BKP 6)", "0.03 ", "0.11 ", "0.11 ", "2", "None", "3", "None", "None", "None", "None", "None", "https://www.cardmarket.com/fr/Pokemon/Products/Singles/BREAKpoint/Kricketune-BKP6?language=2&minCondition=3"
"Pokemon", "Singles", "Rupture TURBO", "25", "Staryu  (BKP 25)", "0.02 ", "0.06 ", "0.06 ", "2", "None", "3", "None", "None", "None", "None", "None", "https://www.cardmarket.com/fr/Pokemon/Products/Singles/BREAKpoint/Staryu-BKP25?language=2&minCondition=3"
"Pokemon", "Singles", "Rupture TURBO", "29", "Corsola  (BKP 29)", "0.04 ", "0.06 ", "0.06 ", "2", "None", "3", "None", "None", "None", "None", "None", "https://www.cardmarket.com/fr/Pokemon/Products/Singles/BREAKpoint/Corsola-BKP29?language=2&minCondition=3"
"Pokemon", "Singles", "Rupture TURBO", "38", "Grenousse  (BKP 38)", "0.05 ", "0.05 ", "0.05 ", "2", "None", "3", "None", "None", "None", "None", "None", "https://www.cardmarket.com/fr/Pokemon/Products/Singles/BREAKpoint/Froakie-BKP38?language=2&minCondition=3"
"Pokemon", "Singles", "Rupture TURBO", "42", "Electabuzz  (BKP 42)", "0.04 ", "0.08 ", "0.07 ", "2", "None", "3", "None", "None", "None", "None", "None", "https://www.cardmarket.com/fr/Pokemon/Products/Singles/BREAKpoint/Electabuzz-BKP42?language=2&minCondition=3"
"Pokemon", "Singles", "Rupture TURBO", "59", "Meowstic  (BKP 59)", "0.05 ", "0.17 ", "0.17 ", "2", "None", "3", "None", "None", "None", "None", "None", "https://www.cardmarket.com/fr/Pokemon/Products/Singles/BREAKpoint/Meowstic-BKP59?language=2&minCondition=3"
"Pokemon", "Singles", "Rupture TURBO", "79", "Ferroseed  (BKP 79)", "0.02 ", "0.02 ", "0.05 ", "2", "None", "3", "None", "None", "None", "None", "None", "https://www.cardmarket.com/fr/Pokemon/Products/Singles/BREAKpoint/Ferroseed-BKP79?language=2&minCondition=3"
"Pokemon", "Singles", "Rupture TURBO", "103", "Potion Max (BKP 103)", "0.31 ", "0.34 ", "0.37 ", "2", "None", "3", "None", "None", "None", "None", "Y", "https://www.cardmarket.com/fr/Pokemon/Products/Singles/BREAKpoint/Max-Potion-BKP103?language=2&minCondition=3&isReverseHolo=Y"
"Pokemon", "Singles", "Rupture TURBO", "109", "Énigme du Temps (BKP 109)", "0.09 ", "0.12 ", "0.08 ", "2", "None", "3", "None", "None", "None", "None", "None", "https://www.cardmarket.com/fr/Pokemon/Products/Singles/BREAKpoint/Puzzle-of-Time-BKP109?language=2&minCondition=3"
"Pokemon", "Singles", "Glaciation Plasma", "18", "Horsea  (PLF 18)", "0.05 ", "0.08 ", "0.08 ", "2", "None", "3", "None", "None", "None", "None", "None", "https://www.cardmarket.com/fr/Pokemon/Products/Singles/Plasma-Freeze/Horsea-PLF18?language=2&minCondition=3"
"Pokemon", "Singles", "Glaciation Plasma", "27", "Vanillite  (PLF 27)", "0.03 ", "0.06 ", "0.07 ", "2", "None", "3", "None", "None", "None", "None", "None", "https://www.cardmarket.com/fr/Pokemon/Products/Singles/Plasma-Freeze/Vanillite-PLF27?language=2&minCondition=3"
"Pokemon", "Singles", "Glaciation Plasma", "50", "Beldum  (PLF 50)", "0.02 ", "0.04 ", "0.09 ", "2", "None", "3", "None", "None", "None", "None", "None", "https://www.cardmarket.com/fr/Pokemon/Products/Singles/Plasma-Freeze/Beldum-PLF50?language=2&minCondition=3"
"Pokemon", "Singles", "Glaciation Plasma", "54", "Tutafeh  (PLF 54)", "0.25 ", "0.14 ", "0.27 ", "2", "None", "3", "None", "None", "None", "None", "Y", "https://www.cardmarket.com/fr/Pokemon/Products/Singles/Plasma-Freeze/Yamask-PLF54?language=2&minCondition=3&isReverseHolo=Y"
"Pokemon", "Singles", "Glaciation Plasma", "75", "Deino  (PLF 75)", "0.05 ", "0.08 ", "0.14 ", "2", "None", "3", "None", "None", "None", "None", "None", "https://www.cardmarket.com/fr/Pokemon/Products/Singles/Plasma-Freeze/Deino-PLF75?language=2&minCondition=3"
"Pokemon", "Singles", "Glaciation Plasma", "81", "Dratini  (PLF 81)", "0.05 ", "0.10 ", "0.10 ", "2", "None", "3", "None", "None", "None", "None", "None", "https://www.cardmarket.com/fr/Pokemon/Products/Singles/Plasma-Freeze/Dratini-PLF81?language=2&minCondition=3"
"Pokemon", "Singles", "Glaciation Plasma", "87", "Rattata  (PLF 87)", "0.03 ", "0.08 ", "0.08 ", "2", "None", "3", "None", "None", "None", "None", "None", "https://www.cardmarket.com/fr/Pokemon/Products/Singles/Plasma-Freeze/Rattata-PLF87?language=2&minCondition=3"
"Pokemon", "Singles", "Glaciation Plasma", "90", "Eevee  (PLF 90)", "0.10 ", "0.27 ", "0.38 ", "2", "None", "3", "None", "None", "None", "None", "None", "https://www.cardmarket.com/fr/Pokemon/Products/Singles/Plasma-Freeze/Eevee-PLF90?language=2&minCondition=3"
"Pokemon", "Singles", "Glaciation Plasma", "91", "Hoothoot  (PLF 91)", "0.10 ", "0.26 ", "0.26 ", "2", "None", "3", "None", "None", "None", "None", "Y", "https://www.cardmarket.com/fr/Pokemon/Products/Singles/Plasma-Freeze/Hoothoot-PLF91?language=2&minCondition=3&isReverseHolo=Y"
"Pokemon", "Singles", "McDonald's Collection 2013", "6", "Voltali  (MCD13 6)", "8.00 ", "9.67 ", "6.92 ", "2", "None", "3", "None", "None", "None", "None", "None", "https://www.cardmarket.com/fr/Pokemon/Products/Singles/McDonalds-Collection-2013/Jolteon-MCD136?language=2&minCondition=3"
"Pokemon", "Singles", "McDonald's Collection 2013", "10", "Baggiguane  (MCD13 10)", "2.00 ", "1.85 ", "1.61 ", "2", "None", "3", "None", "None", "None", "None", "None", "https://www.cardmarket.com/fr/Pokemon/Products/Singles/McDonalds-Collection-2013/Scraggy-MCD1310?language=2&minCondition=3"
"Pokemon", "Singles", "McDonald's Collection 2014", "5", "Pikachu  (MCD14 5)", "19.50 ", "4.41 ", "4.17 ", "2", "None", "3", "None", "None", "None", "None", "None", "https://www.cardmarket.com/fr/Pokemon/Products/Singles/McDonalds-Collection-2014/Pikachu-MCD145?language=2&minCondition=3"
"Pokemon", "Singles", "McDonald's Collection 2014", "8", "Snubbull  (MCD14 8)", "1.50 ", "1.21 ", "0.92 ", "2", "None", "3", "None", "None", "None", "None", "None", "https://www.cardmarket.com/fr/Pokemon/Products/Singles/McDonalds-Collection-2014/Snubbull-MCD148?language=2&minCondition=3"
"Pokemon", "Singles", "McDonald's Collection 2014", "10", "Bunnelby  (MCD14 10)", "5.00 ", "3.32 ", "3.60 ", "2", "None", "3", "None", "None", "None", "None", "None", "https://www.cardmarket.com/fr/Pokemon/Products/Singles/McDonalds-Collection-2014/Bunnelby-MCD1410?language=2&minCondition=3"
"Pokemon", "Singles", "Merveilles Secrètes", "60", "Maraiste Lv.38 (SW 60)", "0.21 ", "0.24 ", "0.19 ", "2", "None", "3", "None", "None", "None", "None", "None", "https://www.cardmarket.com/fr/Pokemon/Products/Singles/Secret-Wonders/Quagsire-Lv38-SW60?language=2&minCondition=3"
"Pokemon", "Singles", "Merveilles Secrètes", "70", "Zarbi [O] Lv.12 (SW 70)", "0.11 ", "0.23 ", "0.17 ", "2", "None", "3", "None", "None", "None", "None", "None", "https://www.cardmarket.com/fr/Pokemon/Products/Singles/Secret-Wonders/Unown-O-Lv12-SW70?language=2&minCondition=3"
"Pokemon", "Singles", "Merveilles Secrètes", "71", "Zarbi [X] Lv.11 (SW 71)", "0.36 ", "0.38 ", "0.34 ", "2", "None", "3", "None", "None", "None", "None", "None", "https://www.cardmarket.com/fr/Pokemon/Products/Singles/Secret-Wonders/Unown-X-Lv11-SW71?language=2&minCondition=3"
"Pokemon", "Singles", "Merveilles Secrètes", "112", "Carapuce Lv.15 (SW 112)", "0.71 ", "0.88 ", "0.78 ", "2", "None", "3", "None", "None", "None", "None", "None", "https://www.cardmarket.com/fr/Pokemon/Products/Singles/Secret-Wonders/Squirtle-Lv15-SW112?language=2&minCondition=3"
"Pokemon", "Singles", "Dragons Exaltés", "18", "Vulpix  (DRX 18)", "0.15 ", "0.12 ", "0.16 ", "2", "None", "3", "None", "None", "None", "None", "None", "https://www.cardmarket.com/fr/Pokemon/Products/Singles/Dragons-Exalted/Vulpix-DRX18?language=2&minCondition=3"
"Pokemon", "Singles", "Dragons Exaltés", "34", "Tympole  (DRX 34)", "0.08 ", "0.09 ", "0.08 ", "2", "None", "3", "None", "None", "None", "None", "None", "https://www.cardmarket.com/fr/Pokemon/Products/Singles/Dragons-Exalted/Tympole-DRX34?language=2&minCondition=3"
"Pokemon", "Singles", "Dragons Exaltés", "83", "Durant  (DRX 83)", "0.07 ", "0.23 ", "0.20 ", "2", "None", "3", "None", "None", "None", "None", "None", "https://www.cardmarket.com/fr/Pokemon/Products/Singles/Dragons-Exalted/Durant-DRX83?language=2&minCondition=3"
"Pokemon", "Singles", "Dragons Exaltés", "93", "Deino  (DRX 93)", "0.12 ", "0.09 ", "0.11 ", "2", "None", "3", "None", "None", "None", "None", "None", "https://www.cardmarket.com/fr/Pokemon/Products/Singles/Dragons-Exalted/Deino-DRX93?language=2&minCondition=3"
"Pokemon", "Singles", "Dragons Exaltés", "94", "Deino  (DRX 94)", "0.08 ", "0.10 ", "0.08 ", "2", "None", "3", "None", "None", "None", "None", "None", "https://www.cardmarket.com/fr/Pokemon/Products/Singles/Dragons-Exalted/Deino-DRX94?language=2&minCondition=3"
"Pokemon", "Singles", "Dragons Exaltés", "104", "Swablu  (DRX 104)", "0.19 ", "0.17 ", "0.17 ", "2", "None", "3", "None", "None", "None", "None", "None", "https://www.cardmarket.com/fr/Pokemon/Products/Singles/Dragons-Exalted/Swablu-DRX104?language=2&minCondition=3"
"Pokemon", "Singles", "Dragons Exaltés", "105", "Tylton  (DRX 105)", "0.02 ", "0.10 ", "0.11 ", "2", "None", "3", "None", "None", "None", "None", "None", "https://www.cardmarket.com/fr/Pokemon/Products/Singles/Dragons-Exalted/Swablu-DRX105?language=2&minCondition=3"
"Pokemon", "Singles", "Dragons Exaltés", "114", "Cape Géante (DRX 114)", "0.17 ", "0.24 ", "0.19 ", "2", "None", "3", "None", "None", "None", "None", "Y", "https://www.cardmarket.com/fr/Pokemon/Products/Singles/Dragons-Exalted/Giant-Cape-DRX114?language=2&minCondition=3&isReverseHolo=Y"
"Pokemon", "Singles", "Primo-Choc", "15", "Shroomish  (PRC 15)", "0.07 ", "0.06 ", "0.06 ", "2", "None", "3", "None", "None", "None", "None", "None", "https://www.cardmarket.com/fr/Pokemon/Products/Singles/Primal-Clash/Shroomish-PRC15?language=2&minCondition=3"
"Pokemon", "Singles", "Primo-Choc", "33", "Gobou  (PRC 33)", "0.07 ", "0.08 ", "0.13 ", "2", "None", "3", "None", "None", "None", "None", "None", "https://www.cardmarket.com/fr/Pokemon/Products/Singles/Primal-Clash/Mudkip-PRC33?language=2&minCondition=3"
"Pokemon", "Singles", "Primo-Choc", "45", "Obalie  (PRC 45)", "0.05 ", "0.08 ", "0.07 ", "2", "None", "3", "None", "None", "None", "None", "None", "https://www.cardmarket.com/fr/Pokemon/Products/Singles/Primal-Clash/Spheal-PRC45?language=2&minCondition=3"
"Pokemon", "Singles", "Primo-Choc", "75", "Rhydon  (PRC 75)", "0.03 ", "0.11 ", "0.11 ", "2", "None", "3", "None", "None", "None", "None", "None", "https://www.cardmarket.com/fr/Pokemon/Products/Singles/Primal-Clash/Rhydon-PRC75?language=2&minCondition=3"
"Pokemon", "Singles", "Primo-Choc", "111", "Zigzagoon  (PRC 111)", "0.05 ", "0.10 ", "0.10 ", "2", "None", "3", "None", "None", "None", "None", "None", "https://www.cardmarket.com/fr/Pokemon/Products/Singles/Primal-Clash/Zigzagoon-PRC111?language=2&minCondition=3"
"Pokemon", "Singles", "Primo-Choc", "118", "Bibarel  (PRC 118)", "0.08 ", "0.13 ", "0.12 ", "2", "None", "3", "None", "None", "None", "None", "None", "https://www.cardmarket.com/fr/Pokemon/Products/Singles/Primal-Clash/Bibarel-PRC118?language=2&minCondition=3"
"Pokemon", "Singles", "Primo-Choc", "128", "Multi Exp (PRC 128)", "0.06 ", "0.18 ", "0.10 ", "2", "None", "3", "None", "None", "None", "None", "None", "https://www.cardmarket.com/fr/Pokemon/Products/Singles/Primal-Clash/Exp-Share-PRC128?language=2&minCondition=3"
"Pokemon", "Singles", "Pouvoirs Émergents", "9", "Doudouvet  (EPO 9)", "0.39 ", "0.62 ", "0.39 ", "2", "None", "3", "None", "None", "None", "None", "Y", "https://www.cardmarket.com/fr/Pokemon/Products/Singles/Emerging-Powers/Cottonee-EPO9?language=2&minCondition=3&isReverseHolo=Y"
"Pokemon", "Singles", "Pouvoirs Émergents", "11", "Whimsicott  (EPO 11)", "0.20 ", "0.20 ", "0.18 ", "2", "None", "3", "None", "None", "None", "None", "None", "https://www.cardmarket.com/fr/Pokemon/Products/Singles/Emerging-Powers/Whimsicott-EPO11?language=2&minCondition=3"
"Pokemon", "Singles", "Pouvoirs Émergents", "61", "Krokorok  (EPO 61)", "0.02 ", "0.16 ", "0.12 ", "2", "None", "3", "None", "None", "None", "None", "None", "https://www.cardmarket.com/fr/Pokemon/Products/Singles/Emerging-Powers/Krokorok-EPO61?language=2&minCondition=3"
"Pokemon", "Singles", "Pouvoirs Émergents", "78", "Ratentif  (EPO 78)", "0.02 ", "0.11 ", "0.08 ", "2", "None", "3", "None", "None", "None", "None", "None", "https://www.cardmarket.com/fr/Pokemon/Products/Singles/Emerging-Powers/Patrat-EPO78?language=2&minCondition=3"
"Pokemon", "Singles", "Pouvoirs Émergents", "85", "Cinccino  (EPO 85)", "0.15 ", "0.15 ", "0.12 ", "2", "None", "3", "None", "None", "None", "None", "None", "https://www.cardmarket.com/fr/Pokemon/Products/Singles/Emerging-Powers/Cinccino-EPO85?language=2&minCondition=3"
"Pokemon", "Singles", "Pouvoirs Émergents", "86", "Rufflet  (EPO 86)", "0.10 ", "0.11 ", "0.09 ", "2", "None", "3", "None", "None", "None", "None", "None", "https://www.cardmarket.com/fr/Pokemon/Products/Singles/Emerging-Powers/Rufflet-EPO86?language=2&minCondition=3"
"Pokemon", "Singles", "Destinées Futures", "8", "Foongus  (NXD 8)", "0.15 ", "0.07 ", "0.08 ", "2", "None", "3", "None", "None", "None", "None", "None", "https://www.cardmarket.com/fr/Pokemon/Products/Singles/Next-Destinies/Foongus-NXD8?language=2&minCondition=3"
"Pokemon", "Singles", "Destinées Futures", "43", "Lixy  (NXD 43)", "0.10 ", "0.16 ", "0.10 ", "2", "None", "3", "None", "None", "None", "None", "None", "https://www.cardmarket.com/fr/Pokemon/Products/Singles/Next-Destinies/Shinx-NXD43?language=2&minCondition=3"
"Pokemon", "Singles", "Indomptable", "27", "Ortide (UD 27)", "0.13 ", "0.20 ", "0.18 ", "2", "None", "3", "None", "None", "None", "None", "None", "https://www.cardmarket.com/fr/Pokemon/Products/Singles/Undaunted/Gloom-UD27?language=2&minCondition=3"
"Pokemon", "Singles", "Indomptable", "78", "Fourberie de la Team Rocket (UD 78)", "0.14 ", "0.17 ", "0.16 ", "2", "None", "3", "None", "None", "None", "None", "None", "https://www.cardmarket.com/fr/Pokemon/Products/Singles/Undaunted/Team-Rockets-Trickery-UD78?language=2&minCondition=3"
"Pokemon", "Singles", "Tempête Plasma", "35", "Vanillite  (PLS 35)", "0.10 ", "0.07 ", "0.07 ", "2", "None", "3", "None", "None", "None", "None", "None", "https://www.cardmarket.com/fr/Pokemon/Products/Singles/Plasma-Storm/Vanillite-PLS35?language=2&minCondition=3"
"Pokemon", "Singles", "Explosion Plasma", "5", "Tropius  (PLB 5)", "0.15 ", "0.19 ", "0.18 ", "2", "None", "3", "None", "None", "None", "None", "None", "https://www.cardmarket.com/fr/Pokemon/Products/Singles/Plasma-Blast/Tropius-V1-PLB5?language=2&minCondition=3"
"Pokemon", "Singles", "Explosion Plasma", "7", "Shelmet  (PLB 7)", "0.04 ", "0.06 ", "0.07 ", "2", "None", "3", "None", "None", "None", "None", "None", "https://www.cardmarket.com/fr/Pokemon/Products/Singles/Plasma-Blast/Shelmet-PLB7?language=2&minCondition=3"
"Pokemon", "Singles", "Explosion Plasma", "8", "Limaspeed  (PLB 8)", "0.47 ", "0.41 ", "0.43 ", "2", "None", "3", "None", "None", "None", "None", "None", "https://www.cardmarket.com/fr/Pokemon/Products/Singles/Plasma-Blast/Accelgor-PLB8?language=2&minCondition=3"
"Pokemon", "Singles", "Explosion Plasma", "12", "Larvesta  (PLB 12)", "0.02 ", "0.05 ", "0.07 ", "2", "None", "3", "None", "None", "None", "None", "None", "https://www.cardmarket.com/fr/Pokemon/Products/Singles/Plasma-Blast/Larvesta-PLB12?language=2&minCondition=3"
"Pokemon", "Singles", "Explosion Plasma", "15", "Wartortle  (PLB 15)", "0.40 ", "0.02 ", "1.30 ", "2", "None", "3", "None", "None", "None", "None", "None", "https://www.cardmarket.com/fr/Pokemon/Products/Singles/Plasma-Blast/Wartortle-PLB15?language=2&minCondition=3"
"Pokemon", "Singles", "Explosion Plasma", "18", "Remoraid  (PLB 18)", "0.10 ", "0.27 ", "0.20 ", "2", "None", "3", "None", "None", "None", "None", "Y", "https://www.cardmarket.com/fr/Pokemon/Products/Singles/Plasma-Blast/Remoraid-PLB18?language=2&minCondition=3&isReverseHolo=Y"
"Pokemon", "Singles", "Explosion Plasma", "31", "Tynamo  (PLB 31)", "0.02 ", "0.04 ", "0.06 ", "2", "None", "3", "None", "None", "None", "None", "None", "https://www.cardmarket.com/fr/Pokemon/Products/Singles/Plasma-Blast/Tynamo-PLB31?language=2&minCondition=3"
"Pokemon", "Singles", "Explosion Plasma", "41", "Sigilyph  (PLB 41)", "0.50 ", "1.22 ", "0.85 ", "2", "None", "None", "None", "None", "None", "None", "Y", "https://www.cardmarket.com/fr/Pokemon/Products/Singles/Plasma-Blast/Sigilyph-PLB41?language=2&isReverseHolo=Y"
"Pokemon", "Singles", "Explosion Plasma", "45", "Golett  (PLB 45)", "0.08 ", "0.10 ", "0.09 ", "2", "None", "3", "None", "None", "None", "None", "None", "https://www.cardmarket.com/fr/Pokemon/Products/Singles/Plasma-Blast/Golett-PLB45?language=2&minCondition=3"
"Pokemon", "Singles", "Explosion Plasma", "47", "Machop  (PLB 47)", "0.10 ", "0.05 ", "0.08 ", "2", "None", "3", "None", "None", "None", "None", "None", "https://www.cardmarket.com/fr/Pokemon/Products/Singles/Plasma-Blast/Machop-PLB47?language=2&minCondition=3"
"Pokemon", "Singles", "Explosion Plasma", "52", "Sawk  (PLB 52)", "0.08 ", "0.08 ", "0.09 ", "2", "None", "3", "None", "None", "None", "None", "None", "https://www.cardmarket.com/fr/Pokemon/Products/Singles/Plasma-Blast/Sawk-PLB52?language=2&minCondition=3"
"Pokemon", "Singles", "Explosion Plasma", "53", "Archen  (PLB 53)", "0.10 ", "0.17 ", "0.19 ", "2", "None", "3", "None", "None", "None", "None", "None", "https://www.cardmarket.com/fr/Pokemon/Products/Singles/Plasma-Blast/Archen-PLB53?language=2&minCondition=3"
"Pokemon", "Singles", "Explosion Plasma", "57", "Aron  (PLB 57)", "0.10 ", "0.12 ", "0.12 ", "2", "None", "3", "None", "None", "None", "None", "None", "https://www.cardmarket.com/fr/Pokemon/Products/Singles/Plasma-Blast/Aron-PLB57?language=2&minCondition=3"
"Pokemon", "Singles", "Explosion Plasma", "58", "Lairon  (PLB 58)", "0.15 ", "0.40 ", "0.33 ", "2", "None", "3", "None", "None", "None", "None", "Y", "https://www.cardmarket.com/fr/Pokemon/Products/Singles/Plasma-Blast/Lairon-PLB58?language=2&minCondition=3&isReverseHolo=Y"
"Pokemon", "Singles", "Explosion Plasma", "72", "Porygon  (PLB 72)", "0.10 ", "0.11 ", "0.08 ", "2", "None", "3", "None", "None", "None", "None", "None", "https://www.cardmarket.com/fr/Pokemon/Products/Singles/Plasma-Blast/Porygon-PLB72?language=2&minCondition=3"
"Pokemon", "Singles", "Explosion Plasma", "82", "Fossile Plume (PLB 82)", "0.17 ", "0.14 ", "0.12 ", "2", "None", "3", "None", "None", "None", "None", "None", "https://www.cardmarket.com/fr/Pokemon/Products/Singles/Plasma-Blast/Plume-Fossil-PLB82?language=2&minCondition=3"
"Pokemon", "Singles", "Explosion Plasma", "84", "Professeur Keteleeria (PLB 84)", "0.36 ", "0.36 ", "0.40 ", "2", "None", "3", "None", "None", "None", "None", "None", "https://www.cardmarket.com/fr/Pokemon/Products/Singles/Plasma-Blast/Professor-Juniper-PLB84?language=2&minCondition=3"
"Pokemon", "Singles", "Explosion Plasma", "86", "Déclencheur Inversé (PLB 86)", "0.09 ", "0.09 ", "0.08 ", "2", "None", "3", "None", "None", "None", "None", "None", "https://www.cardmarket.com/fr/Pokemon/Products/Singles/Plasma-Blast/Reversal-Trigger-PLB86?language=2&minCondition=3"
"Pokemon", "Singles", "Duels au sommet", "31", "Smogogo Lv.42 (GE 31)", "0.31 ", "0.55 ", "0.40 ", "2", "None", "3", "None", "None", "None", "None", "None", "https://www.cardmarket.com/fr/Pokemon/Products/Singles/Great-Encounters/Weezing-Lv42-GE31?language=2&minCondition=3"
"Pokemon", "Singles", "Duels au sommet", "54", "Flagadoss Lv.39 (GE 54)", "0.19 ", "0.22 ", "0.13 ", "2", "None", "3", "None", "None", "None", "None", "None", "https://www.cardmarket.com/fr/Pokemon/Products/Singles/Great-Encounters/Slowbro-Lv39-GE54?language=2&minCondition=3"
"Pokemon", "Singles", "Duels au sommet", "62", "Cacnea Lv.12 (GE 62)", "0.08 ", "0.11 ", "0.12 ", "2", "None", "3", "None", "None", "None", "None", "None", "https://www.cardmarket.com/fr/Pokemon/Products/Singles/Great-Encounters/Cacnea-Lv12-GE62?language=2&minCondition=3"
"Pokemon", "Singles", "Duels au sommet", "71", "Lumivole Lv.29 (GE 71)", "0.11 ", "0.11 ", "0.12 ", "2", "None", "3", "None", "None", "None", "None", "None", "https://www.cardmarket.com/fr/Pokemon/Products/Singles/Great-Encounters/Illumise-Lv29-GE71?language=2&minCondition=3"
"Pokemon", "Singles", "Duels au sommet", "85", "Solaroc Lv.29 (GE 85)", "0.14 ", "0.12 ", "0.12 ", "2", "None", "3", "None", "None", "None", "None", "None", "https://www.cardmarket.com/fr/Pokemon/Products/Singles/Great-Encounters/Solrock-Lv29-GE85?language=2&minCondition=3"
"Pokemon", "Singles", "Ciel Rugissant", "18", "Wingull  (ROS 18)", "0.05 ", "0.04 ", "0.04 ", "2", "None", "3", "None", "None", "None", "None", "None", "https://www.cardmarket.com/fr/Pokemon/Products/Singles/Roaring-Skies/Wingull-ROS18?language=2&minCondition=3"
"Pokemon", "Singles", "Ciel Rugissant", "19", "Pelipper  (ROS 19)", "0.02 ", "0.13 ", "0.08 ", "2", "None", "3", "None", "None", "None", "None", "None", "https://www.cardmarket.com/fr/Pokemon/Products/Singles/Roaring-Skies/Pelipper-ROS19?language=2&minCondition=3"
"Pokemon", "Singles", "Ciel Rugissant", "24", "Electrike  (ROS 24)", "0.02 ", "0.04 ", "0.04 ", "2", "None", "3", "None", "None", "None", "None", "None", "https://www.cardmarket.com/fr/Pokemon/Products/Singles/Roaring-Skies/Electrike-ROS24?language=2&minCondition=3"
"Pokemon", "Singles", "Ciel Rugissant", "49", "Dratini  (ROS 49)", "0.04 ", "0.04 ", "0.05 ", "2", "None", "3", "None", "None", "None", "None", "None", "https://www.cardmarket.com/fr/Pokemon/Products/Singles/Roaring-Skies/Dratini-ROS49?language=2&minCondition=3"
"Pokemon", "Singles", "Ciel Rugissant", "54", "Draby  (ROS 54)", "0.02 ", "0.04 ", "0.05 ", "2", "None", "3", "None", "None", "None", "None", "None", "https://www.cardmarket.com/fr/Pokemon/Products/Singles/Roaring-Skies/Bagon-ROS54?language=2&minCondition=3"
"Pokemon", "Singles", "Ciel Rugissant", "68", "Dunsparce  (ROS 68)", "0.09 ", "0.10 ", "0.06 ", "2", "None", "3", "None", "None", "None", "None", "None", "https://www.cardmarket.com/fr/Pokemon/Products/Singles/Roaring-Skies/Dunsparce-ROS68?language=2&minCondition=3"
"Pokemon", "Singles", "Ciel Rugissant", "73", "Swablu  (ROS 73)", "0.02 ", "0.04 ", "0.04 ", "2", "None", "3", "None", "None", "None", "None", "None", "https://www.cardmarket.com/fr/Pokemon/Products/Singles/Roaring-Skies/Swablu-ROS73?language=2&minCondition=3"
"Pokemon", "Singles", "Tempête", "27", "Staraptor Lv.64 (STF 27)", "0.32 ", "0.28 ", "0.38 ", "2", "None", "3", "None", "None", "None", "None", "None", "https://www.cardmarket.com/fr/Pokemon/Products/Singles/Stormfront/Staraptor-Lv64-SF27?language=2&minCondition=3"
"Pokemon", "Singles", "Tempête", "70", "Pikachu Lv.20 (STF 70)", "2.51 ", "1.73 ", "1.72 ", "2", "None", "3", "None", "None", "None", "None", "None", "https://www.cardmarket.com/fr/Pokemon/Products/Singles/Stormfront/Pikachu-Lv20-SF70?language=2&minCondition=3"
"Pokemon", "Singles", "Tempête", "75", "Starly Lv.7 (STF 75)", "0.13 ", "0.10 ", "0.10 ", "2", "None", "3", "None", "None", "None", "None", "None", "https://www.cardmarket.com/fr/Pokemon/Products/Singles/Stormfront/Starly-Lv7-SF75?language=2&minCondition=3"
"Pokemon", "Singles", "Impulsion TURBO", "5", "Pansage  (BKT 5)", "0.08 ", "0.05 ", "0.05 ", "2", "None", "3", "None", "None", "None", "None", "None", "https://www.cardmarket.com/fr/Pokemon/Products/Singles/BREAKthrough/Pansage-BKT5?language=2&minCondition=3"
"Pokemon", "Singles", "Impulsion TURBO", "9", "Chespin  (BKT 9)", "0.10 ", "0.07 ", "0.10 ", "2", "None", "3", "None", "None", "None", "None", "None", "https://www.cardmarket.com/fr/Pokemon/Products/Singles/BREAKthrough/Chespin-BKT9?language=2&minCondition=3"
"Pokemon", "Singles", "Impulsion TURBO", "13", "Scatterbug  (BKT 13)", "0.08 ", "0.05 ", "0.06 ", "2", "None", "3", "None", "None", "None", "None", "None", "https://www.cardmarket.com/fr/Pokemon/Products/Singles/BREAKthrough/Scatterbug-BKT13?language=2&minCondition=3"
"Pokemon", "Singles", "Impulsion TURBO", "18", "Cyndaquil  (BKT 18)", "0.10 ", "0.12 ", "0.11 ", "2", "None", "3", "None", "None", "None", "None", "None", "https://www.cardmarket.com/fr/Pokemon/Products/Singles/BREAKthrough/Cyndaquil-BKT18?language=2&minCondition=3"
"Pokemon", "Singles", "Impulsion TURBO", "24", "Simisear  (BKT 24)", "0.15 ", "0.26 ", "0.22 ", "2", "None", "3", "None", "None", "None", "None", "None", "https://www.cardmarket.com/fr/Pokemon/Products/Singles/BREAKthrough/Simisear-BKT24?language=2&minCondition=3"
"Pokemon", "Singles", "Impulsion TURBO", "25", "Fennekin  (BKT 25)", "0.03 ", "0.07 ", "0.06 ", "2", "None", "3", "None", "None", "None", "None", "None", "https://www.cardmarket.com/fr/Pokemon/Products/Singles/BREAKthrough/Fennekin-BKT25?language=2&minCondition=3"
"Pokemon", "Singles", "Impulsion TURBO", "26", "Braixen  (BKT 26)", "0.05 ", "0.09 ", "0.11 ", "2", "None", "3", "None", "None", "None", "None", "None", "https://www.cardmarket.com/fr/Pokemon/Products/Singles/BREAKthrough/Braixen-BKT26?language=2&minCondition=3"
"Pokemon", "Singles", "Impulsion TURBO", "29", "Staryu  (BKT 29)", "0.08 ", "0.04 ", "0.07 ", "2", "None", "3", "None", "None", "None", "None", "None", "https://www.cardmarket.com/fr/Pokemon/Products/Singles/BREAKthrough/Staryu-BKT29?language=2&minCondition=3"
"Pokemon", "Singles", "Impulsion TURBO", "31", "Remoraid  (BKT 31)", "0.10 ", "0.08 ", "0.11 ", "2", "None", "3", "None", "None", "None", "None", "None", "https://www.cardmarket.com/fr/Pokemon/Products/Singles/BREAKthrough/Remoraid-BKT31?language=2&minCondition=3"
"Pokemon", "Singles", "Impulsion TURBO", "37", "Prinplup  (BKT 37)", "0.15 ", "0.10 ", "0.11 ", "2", "None", "3", "None", "None", "None", "None", "None", "https://www.cardmarket.com/fr/Pokemon/Products/Singles/BREAKthrough/Prinplup-BKT37?language=2&minCondition=3"
"Pokemon", "Singles", "Impulsion TURBO", "41", "Panpour  (BKT 41)", "0.10 ", "0.04 ", "0.08 ", "2", "None", "3", "None", "None", "None", "None", "None", "https://www.cardmarket.com/fr/Pokemon/Products/Singles/BREAKthrough/Panpour-BKT41?language=2&minCondition=3"
"Pokemon", "Singles", "Impulsion TURBO", "47", "Frogadier  (BKT 47)", "0.10 ", "0.13 ", "0.13 ", "2", "None", "3", "None", "None", "None", "None", "None", "https://www.cardmarket.com/fr/Pokemon/Products/Singles/BREAKthrough/Frogadier-BKT47?language=2&minCondition=3"
"Pokemon", "Singles", "Impulsion TURBO", "52", "Magnéti  (BKT 52)", "0.03 ", "0.04 ", "0.08 ", "2", "None", "3", "None", "None", "None", "None", "None", "https://www.cardmarket.com/fr/Pokemon/Products/Singles/BREAKthrough/Magnemite-BKT52?language=2&minCondition=3"
"Pokemon", "Singles", "Impulsion TURBO", "53", "Magneton  (BKT 53)", "0.05 ", "0.11 ", "0.11 ", "2", "None", "3", "None", "None", "None", "None", "None", "https://www.cardmarket.com/fr/Pokemon/Products/Singles/BREAKthrough/Magneton-BKT53?language=2&minCondition=3"
"Pokemon", "Singles", "Impulsion TURBO", "81", "Piloswine  (BKT 81)", "0.15 ", "0.10 ", "0.09 ", "2", "None", "3", "None", "None", "None", "None", "None", "https://www.cardmarket.com/fr/Pokemon/Products/Singles/BREAKthrough/Piloswine-BKT81?language=2&minCondition=3"
"Pokemon", "Singles", "Impulsion TURBO", "83", "Hippopotas  (BKT 83)", "0.08 ", "0.05 ", "0.06 ", "2", "None", "3", "None", "None", "None", "None", "None", "https://www.cardmarket.com/fr/Pokemon/Products/Singles/BREAKthrough/Hippopotas-BKT83?language=2&minCondition=3"
"Pokemon", "Singles", "Impulsion TURBO", "89", "Zorua  (BKT 89)", "0.10 ", "0.29 ", "0.40 ", "2", "None", "3", "None", "None", "None", "None", "Y", "https://www.cardmarket.com/fr/Pokemon/Products/Singles/BREAKthrough/Zorua-BKT89?language=2&minCondition=3&isReverseHolo=Y"
"Pokemon", "Singles", "Impulsion TURBO", "101", "Flabébé  (BKT 101)", "0.10 ", "0.06 ", "0.05 ", "2", "None", "3", "None", "None", "None", "None", "None", "https://www.cardmarket.com/fr/Pokemon/Products/Singles/BREAKthrough/Flabebe-V1-BKT101?language=2&minCondition=3"
"Pokemon", "Singles", "Impulsion TURBO", "109", "Axew  (BKT 109)", "0.08 ", "0.10 ", "0.10 ", "2", "None", "3", "None", "None", "None", "None", "None", "https://www.cardmarket.com/fr/Pokemon/Products/Singles/BREAKthrough/Axew-BKT109?language=2&minCondition=3"
"Pokemon", "Singles", "Impulsion TURBO", "115", "Doduo  (BKT 115)", "0.05 ", "0.08 ", "0.08 ", "2", "None", "3", "None", "None", "None", "None", "None", "https://www.cardmarket.com/fr/Pokemon/Products/Singles/BREAKthrough/Doduo-BKT115?language=2&minCondition=3"
"Pokemon", "Singles", "Impulsion TURBO", "121", "Teddiursa  (BKT 121)", "0.02 ", "0.06 ", "0.08 ", "2", "None", "3", "None", "None", "None", "None", "None", "https://www.cardmarket.com/fr/Pokemon/Products/Singles/BREAKthrough/Teddiursa-BKT121?language=2&minCondition=3"
"Pokemon", "Singles", "Impulsion TURBO", "126", "Staravia  (BKT 126)", "0.08 ", "0.13 ", "0.13 ", "2", "None", "3", "None", "None", "None", "None", "None", "https://www.cardmarket.com/fr/Pokemon/Products/Singles/BREAKthrough/Staravia-BKT126?language=2&minCondition=3"
"Pokemon", "Singles", "Impulsion TURBO", "131", "Noibat  (BKT 131)", "0.08 ", "0.05 ", "0.06 ", "2", "None", "3", "None", "None", "None", "None", "None", "https://www.cardmarket.com/fr/Pokemon/Products/Singles/BREAKthrough/Noibat-BKT131?language=2&minCondition=3"
"Pokemon", "Singles", "Impulsion TURBO", "137", "Pierrallégée (BKT 137)", "1.48 ", "1.69 ", "2.15 ", "2", "None", "3", "None", "None", "None", "None", "None", "https://www.cardmarket.com/fr/Pokemon/Products/Singles/BREAKthrough/Float-Stone-BKT137?language=2&minCondition=3"
"Pokemon", "Singles", "Impulsion TURBO", "138", "Combine de Giovanni (BKT 138)", "0.09 ", "0.15 ", "0.10 ", "2", "None", "3", "None", "None", "None", "None", "None", "https://www.cardmarket.com/fr/Pokemon/Products/Singles/BREAKthrough/Giovannis-Scheme-V1-BKT138?language=2&minCondition=3"
"Pokemon", "Singles", "Impulsion TURBO", "139", "Lien Spirituel Oniglali (BKT 139)", "0.08 ", "0.11 ", "0.05 ", "2", "None", "3", "None", "None", "None", "None", "None", "https://www.cardmarket.com/fr/Pokemon/Products/Singles/BREAKthrough/Glalie-Spirit-Link-BKT139?language=2&minCondition=3"
"Pokemon", "Singles", "Impulsion TURBO", "140", "Masse Ball (BKT 140)", "0.52 ", "0.45 ", "0.65 ", "2", "None", "3", "None", "None", "None", "None", "Y", "https://www.cardmarket.com/fr/Pokemon/Products/Singles/BREAKthrough/Heavy-Ball-BKT140?language=2&minCondition=3&isReverseHolo=Y"
"Pokemon", "Singles", "Impulsion TURBO", "148", "Carolina (BKT 148)", "0.17 ", "0.17 ", "0.10 ", "2", "None", "3", "None", "None", "None", "None", "None", "https://www.cardmarket.com/fr/Pokemon/Products/Singles/BREAKthrough/Skyla-BKT148?language=2&minCondition=3"
,Number of Cards:,241,Total Prices:,683.9099999999994,201.74000000000015,187.25000000000037,,,,,,,,
